,week,gmv,listing_price,product_mrp,discount,sla,product_procurement_sla,fsn_id,order_payment_type,online_order_perc,Date,Year,Month,TV_ads,Sponsorship_ads,Content_marketing_ads,Online_marketing_ads,NPS,Stock_Index,Special_sales,Payday,heat_deg_days,cool_deg_days,total_rain_mm,total_snow_cm,snow_on_grnd_cm,MA2_listed_price,MA2_discount,MA4_discount,lag_1_listed_price,lag_2_listed_price,lag_3_listed_price,lag_1_discount_offer,lag_2_discount_offer,lag_3_discount_offer,lag_1_NPS,lag_2_NPS,lag_3_NPS,lag_1_Stock_Index,lag_2_Stock_Index,lag_3_Stock_Index,lag_1_Special_sales,lag_2_Special_sales,lag_3_Special_sales,lag_1_Payday,lag_2_Payday,lag_3_Payday
0,1,17466.0,681.08,898.44,0.21960000000000002,2.96,2.56,19,25,100.0,2015-07-05,2015.0,7.0,0.05383255099055528,1.8535674334060548,0.00023322438420521826,0.3318193987561246,54.59958809237621,1177.0,0.0,0.2,0.1,1.46,0.0,0.0,0.0,0.0,0.0,0.0,528.928870292887,449.82550797649037,559.1344537815127,0.41362875618105743,0.4286649874055416,0.3524320316361839,54.599588092376216,54.599588092376216,54.599588092376216,1177.0,1177.0,1177.0,0.0,0.2857142857142857,0.0,0.0,0.14285714285714285,0.0
1,2,1435300.0,528.928870292887,963.9071890452643,0.41362875618105743,5.170026626093572,3.01293267402054,211,689,26.207683529859263,2015-07-12,2015.0,7.0,0.08074882648583291,2.780351150109082,0.0003498365763078274,0.49772909813418686,54.599588092376216,1177.0,0.0,0.0,1.058863126402394,2.32191473448018,4.154817275747509,0.029235880398671095,0.04119601328903655,-0.12574381348980043,0.30641178924221074,0.30641178924221074,449.82550797649037,559.1344537815127,554.2141212586339,0.4286649874055416,0.3524320316361839,0.36348426707597853,54.599588092376216,54.599588092376216,56.13887750141158,1177.0,1177.0,1185.2857142857142,0.2857142857142857,0.0,0.0,0.14285714285714285,0.0,0.14285714285714285
2,3,1097388.3591979076,449.82550797649037,759.691435768262,0.4286649874055416,5.115449202350965,2.514273719563392,216,534,22.418136020151135,2015-07-19,2015.0,7.0,0.08074882648583291,2.780351150109082,0.0003498365763078274,0.49772909813418686,54.599588092376216,1177.0,0.2857142857142857,0.14285714285714285,0.8160059835452511,4.72191473448018,1.5691029900332225,0.029235880398671095,0.04119601328903655,-0.08082044287379471,0.017851529040757073,0.2110392117700146,559.1344537815127,554.2141212586339,195.5,0.3524320316361839,0.36348426707597853,0.535,54.599588092376216,56.13887750141158,59.98710102399999,1177.0,1185.2857142857142,1206.0,0.0,0.0,0.0,0.0,0.14285714285714285,0.0
3,4,1158166.0,559.1344537815127,889.0578348986653,0.3524320316361839,5.1789421651013345,2.338111715274345,232,425,21.008403361344538,2015-07-26,2015.0,7.0,0.08074882648583291,2.780351150109082,0.0003498365763078274,0.49772909813418686,54.599588092376216,1177.0,0.0,0.0,1.6320119670905022,4.172400897531788,1.1405315614617941,0.029235880398671095,0.04119601328903655,0.1083382393237521,-0.0975972944601461,-0.0032507706205969576,554.2141212586339,195.5,805.5,0.36348426707597853,0.535,0.255,56.13887750141158,59.98710102399999,59.98710102399999,1185.2857142857142,1206.0,1206.0,0.0,0.0,0.2857142857142857,0.14285714285714285,0.0,0.14285714285714285
4,5,742062.0,554.2141212586339,886.0759785111281,0.36348426707597853,5.5518035303146585,2.3254029163468917,224,246,18.879508825786647,2015-08-02,2015.0,8.0,0.028203890125188258,1.1394500683181716,0.00011787721817492745,0.19175855218146848,56.13887750141158,1185.2857142857142,0.0,0.14285714285714285,0.8160059835452511,5.907629020194465,4.340531561461794,0.029235880398671095,0.04119601328903655,-0.00441939984761846,0.015437887724690865,-0.06691843279421936,195.5,805.5,359.0,0.535,0.255,0.49,59.98710102399999,59.98710102399999,59.98710102399999,1206.0,1206.0,1206.0,0.0,0.2857142857142857,0.14285714285714285,0.0,0.14285714285714285,0.0
5,6,391.0,195.5,362.0,0.535,4.5,2.0,2,0,0.0,2015-08-09,2015.0,8.0,0.0019314219448659314,0.3189995274227162,1.8975391084774736e-06,0.03877327920510927,59.98710102399999,1206.0,0.0,0.0,2.448017950635754,2.9228870605833963,0.9382059800664452,0.05847176079734219,0.0823920265780731,-0.4784678734027552,0.1908945311665849,0.27412708017635673,805.5,359.0,575.75,0.255,0.49,0.45000000000000007,59.98710102399999,59.98710102399999,59.98710102399999,1206.0,1206.0,1206.0,0.2857142857142857,0.14285714285714285,0.42857142857142855,0.14285714285714285,0.0,0.0
6,7,1611.0,805.5,1172.0,0.255,4.5,2.0,2,0,0.0,2015-08-16,2015.0,8.0,0.0019314219448659314,0.3189995274227162,1.8975391084774736e-06,0.03877327920510927,59.98710102399999,1206.0,0.2857142857142857,0.14285714285714285,2.448017950635754,4.23717277486911,2.764451827242525,0.08770764119601328,0.12358803986710964,0.6093906093906094,-0.35443037974683544,-0.32267151841553937,359.0,575.75,464.0015323992995,0.49,0.45000000000000007,0.3803677758318739,59.98710102399999,59.98710102399999,48.7913733067977,1206.0,1206.0,1116.0,0.14285714285714285,0.42857142857142855,0.0,0.0,0.0,0.14285714285714285
7,8,359.0,359.0,699.0,0.49,3.0,3.0,1,0,0.0,2015-08-23,2015.0,8.0,0.0019314219448659314,0.3189995274227162,1.8975391084774736e-06,0.03877327920510927,59.98710102399999,1206.0,0.14285714285714285,0.0,0.8160059835452511,4.950486163051608,4.769102990033223,0.029235880398671095,0.04119601328903655,-0.38342636324602836,0.315436241610738,0.19258823419536195,575.75,464.0015323992995,519.637054631829,0.45000000000000007,0.3803677758318739,0.3712256532066508,59.98710102399999,48.7913733067977,46.925418687263985,1206.0,1116.0,1101.0,0.42857142857142855,0.0,0.0,0.0,0.14285714285714285,0.0
8,9,2303.0,575.75,1035.75,0.45000000000000007,6.0,3.25,4,0,0.0,2015-08-30,2015.0,8.0,0.0019314219448659314,0.3189995274227162,1.8975391084774736e-06,0.03877327920510927,59.98710102399999,1206.0,0.42857142857142855,0.0,4.29431563201197,2.2524308152580415,1.8455149501661132,0.1461794019933555,0.20598006644518274,0.2318801818668093,-0.04255319148936173,0.04046242774566491,464.0015323992995,519.637054631829,514.8665285226718,0.3803677758318739,0.3712256532066508,0.38119941491955145,48.7913733067977,46.925418687263985,46.925418687263985,1116.0,1101.0,1101.0,0.0,0.0,0.0,0.14285714285714285,0.0,0.14285714285714285
9,10,1084240.5,464.0015323992995,746.3721541155867,0.3803677758318739,5.080122591943958,2.5070052539404553,306,442,22.345803842264914,2015-09-06,2015.0,9.0,0.970519711514397,15.803246004215229,0.15257365295408443,4.107921924658991,48.7913733067977,1116.0,0.0,0.14285714285714285,1.6320119670905022,5.172400897531788,9.02624584717608,0.029235880398671095,0.04119601328903655,-0.10747612686161004,-0.08385708862361352,-0.03421212070680953,519.637054631829,514.8665285226718,524.5666205624711,0.3712256532066508,0.38119941491955145,0.40002766251728905,46.925418687263985,46.925418687263985,46.925418687263985,1101.0,1101.0,1101.0,0.0,0.0,0.0,0.0,0.14285714285714285,0.0
10,11,1118085.0,519.637054631829,833.8422802850356,0.3712256532066508,5.516864608076009,2.4370546318289787,314,413,23.969820081253626,2015-09-13,2015.0,9.0,1.4548138562991626,23.545369242611486,0.22885953066157239,6.142496247385932,46.925418687263985,1101.0,0.0,0.0,2.546297681376217,2.3581151832460736,1.423920265780731,0.05847176079734219,0.0823920265780731,0.056560939115302064,-0.012163654273718629,-0.12218705314397058,514.8665285226718,524.5666205624711,511.7856108160309,0.38119941491955145,0.40002766251728905,0.3858715596330275,46.925418687263985,46.925418687263985,45.48140168539674,1101.0,1101.0,1163.2857142857142,0.0,0.0,0.0,0.14285714285714285,0.0,0.14285714285714285
11,12,1080541.251010233,514.8665285226718,846.0170648464164,0.38119941491955145,5.8605558264261335,2.474402730375427,310,426,20.902845927379783,2015-09-20,2015.0,9.0,1.4548138562991626,23.545369242611486,0.22885953066157239,6.142496247385932,46.925418687263985,1101.0,0.0,0.14285714285714285,4.080029917726256,2.123859386686613,1.4215946843853824,0.08770764119601328,0.12358803986710964,-0.0046114157426215985,0.01325548833419206,-0.03664104528981976,524.5666205624711,511.7856108160309,503.44116066630846,0.40002766251728905,0.3858715596330275,0.3555400322407308,46.925418687263985,45.48140168539674,44.398388933996294,1101.0,1163.2857142857142,1210.0,0.0,0.0,0.0,0.0,0.14285714285714285,0.0
12,13,1169077.0,524.5666205624711,935.6597510373444,0.40002766251728905,6.013831258644537,2.326417704011065,309,402,18.533886583679116,2015-09-27,2015.0,9.0,1.4548138562991626,23.545369242611486,0.22885953066157239,6.142496247385932,46.925418687263985,1101.0,0.0,0.0,4.896035901271508,1.960059835452507,0.7382059800664453,0.05847176079734219,0.0823920265780731,0.009332098027022553,0.024100864065684777,0.04389955856509323,511.7856108160309,503.44116066630846,425.88679368235034,0.3858715596330275,0.3555400322407308,0.49355312569030263,45.48140168539674,44.398388933996294,44.398388933996294,1163.2857142857142,1210.0,1210.0,0.0,0.0,0.42857142857142855,0.14285714285714285,0.0,0.14285714285714285
13,14,1079536.0,511.7856108160309,869.8590053114438,0.3858715596330275,5.866731047802994,2.405601158860454,323,325,15.692901979719942,2015-10-04,2015.0,10.0,2.0211157258032815,29.01658929577254,0.9373051993918576,8.140443183387545,45.48140168539674,1163.2857142857142,0.0,0.14285714285714285,3.5480179506357534,1.7800299177262535,3.3953488372093026,0.05847176079734219,0.0823920265780731,-0.012332688983010685,-0.018012618520640455,0.0033555657205823967,503.44116066630846,425.88679368235034,520.8456790123457,0.3555400322407308,0.49355312569030263,0.3893386243386243,44.398388933996294,44.398388933996294,44.398388933996294,1210.0,1210.0,1210.0,0.0,0.42857142857142855,0.0,0.0,0.14285714285714285,0.0
14,15,960789.0,503.44116066630846,799.5642127888232,0.3555400322407308,5.392262224610424,2.3433637829124128,332,299,16.066630843632456,2015-10-11,2015.0,10.0,2.304266660555341,31.75219932235307,1.2915280337570003,9.13941665138835,44.398388933996294,1210.0,0.0,0.0,2.6177262528047875,0.5581151832460738,0.7382059800664453,0.05847176079734219,0.0823920265780731,-0.008219296795669254,-0.04091051141463869,-0.06598974686040844,425.88679368235034,520.8456790123457,468.724486621033,0.49355312569030263,0.3893386243386243,0.44335096453018047,44.398388933996294,44.398388933996294,44.77004765771112,1210.0,1210.0,1213.2857142857142,0.42857142857142855,0.0,0.0,0.14285714285714285,0.0,0.14285714285714285
15,16,3949922.376621078,425.88679368235034,857.2081952728076,0.49355312569030263,5.323834769162801,2.6845593108018555,432,1695,18.72514361467079,2015-10-18,2015.0,10.0,2.304266660555341,31.75219932235307,1.2915280337570003,9.13941665138835,44.398388933996294,1210.0,0.42857142857142855,0.14285714285714285,5.251458489154827,1.5095736724008988,1.2787375415282394,0.08770764119601328,0.12358803986710964,-0.08345209742271646,0.16254175664995965,0.20747504808736936,520.8456790123457,468.724486621033,430.0616274817137,0.3893386243386243,0.44335096453018047,0.4653448275862069,44.398388933996294,44.77004765771112,46.99999999999999,1210.0,1213.2857142857142,1233.0,0.0,0.0,0.2857142857142857,0.0,0.14285714285714285,0.0
16,17,1197307.0,520.8456790123457,877.526455026455,0.3893386243386243,6.103174603174603,2.396384479717813,347,356,15.696649029982364,2015-10-25,2015.0,10.0,2.304266660555341,31.75219932235307,1.2915280337570003,9.13941665138835,44.398388933996294,1210.0,0.0,0.0,3.2891548242333593,0.5581151832460738,1.3382059800664454,0.05847176079734219,0.0823920265780731,0.10030170937277852,-0.11803768848022868,-0.04121695918557008,468.724486621033,430.0616274817137,477.77781413612564,0.44335096453018047,0.4653448275862069,0.41722185863874345,44.77004765771112,46.99999999999999,46.99999999999999,1213.2857142857142,1233.0,1233.0,0.0,0.2857142857142857,0.8571428571428571,0.14285714285714285,0.0,0.14285714285714285
17,18,1544330.5,468.724486621033,852.417548226509,0.44335096453018047,5.836341008089608,2.0476042314872434,382,479,14.903546981953951,2015-11-01,2015.0,11.0,1.6122148348287313,13.418489624449759,0.4642359823577811,6.958787087071826,44.77004765771112,1213.2857142857142,0.0,0.14285714285714285,6.108601346297684,1.3952879581151845,2.10265780730897,0.1461794019933555,0.20598006644518274,-0.05267053737210476,0.06486491594656657,0.05447856537666594,430.0616274817137,477.77781413612564,514.0838739573679,0.4653448275862069,0.41722185863874345,0.4076645041705283,46.99999999999999,46.99999999999999,46.99999999999999,1233.0,1233.0,1233.0,0.2857142857142857,0.8571428571428571,0.0,0.0,0.14285714285714285,0.0
18,19,1688852.7092801854,430.0616274817137,799.6643155694879,0.4653448275862069,5.2298850574712645,2.2784743991640544,387,635,16.601307189542485,2015-11-08,2015.0,11.0,1.2661889219654263,4.251634775498104,0.05058995665817145,5.868472304913565,46.99999999999999,1233.0,0.2857142857142857,0.0,4.546297681376217,0.5581151832460738,1.966777408637874,0.05847176079734219,0.0823920265780731,-0.04301675174178264,0.024203769013612136,0.03895526540441445,477.77781413612564,514.0838739573679,476.3349116161616,0.41722185863874345,0.4076645041705283,0.4314141414141414,46.99999999999999,46.99999999999999,46.99999999999999,1233.0,1233.0,1233.0,0.8571428571428571,0.0,0.0,0.14285714285714285,0.0,0.0
19,20,1481034.0,477.77781413612564,837.9820026178011,0.41722185863874345,6.159031413612565,2.198298429319372,377,499,16.328534031413614,2015-11-15,2015.0,11.0,1.2661889219654263,4.251634775498104,0.05058995665817145,5.868472304913565,46.99999999999999,1233.0,0.8571428571428571,0.14285714285714285,7.192595362752433,1.1162303664921476,3.676411960132891,0.11694352159468438,0.1647840531561462,0.05256016038406307,-0.05452615615178319,-0.02703318519341765,514.0838739573679,476.3349116161616,507.6780626780627,0.4076645041705283,0.4314141414141414,0.4076764798987021,46.99999999999999,46.99999999999999,45.97142857142857,1233.0,1233.0,1065.857142857143,0.0,0.0,0.0,0.0,0.0,0.14285714285714285
20,21,1124109.0,514.0838739573679,878.8266913809083,0.4076645041705283,5.8002780352177945,2.3276181649675625,357,307,14.22613531047266,2015-11-22,2015.0,11.0,1.2661889219654263,4.251634775498104,0.05058995665817145,5.868472304913565,46.99999999999999,1233.0,0.0,0.0,9.262303664921467,0.8371727748691107,2.9930232558139536,1.516279069767442,1.1235880398671096,0.03660395421767729,-0.011586267998983867,-0.05937078779399389,476.3349116161616,507.6780626780627,469.3480682459109,0.4314141414141414,0.4076764798987021,0.45719402143260013,46.99999999999999,45.97142857142857,45.8,1233.0,1065.857142857143,1038.0,0.0,0.0,0.0,0.0,0.14285714285714285,0.0
21,22,1535170.0,476.3349116161616,854.8200757575758,0.4314141414141414,5.905934343434343,2.444128787878788,368,551,17.392676767676768,2015-11-29,2015.0,11.0,1.2661889219654263,4.251634775498104,0.05058995665817145,5.868472304913565,46.99999999999999,1233.0,0.0,0.0,6.353178758414364,1.6743455497382214,3.5026578073089705,0.1461794019933555,0.20598006644518274,-0.03811414210943776,0.028304423391759977,0.002329883962063991,507.6780626780627,469.3480682459109,435.56609007832895,0.4076764798987021,0.45719402143260013,0.470460182767624,45.97142857142857,45.8,45.8,1065.857142857143,1038.0,1038.0,0.0,0.0,0.0,0.14285714285714285,0.0,0.14285714285714285
22,23,1628667.0,507.6780626780627,877.4935106046217,0.4076764798987021,6.151313706869263,2.366571699905033,395,436,13.806206459784674,2015-12-06,2015.0,12.0,1.7714385300890965,15.593566259448755,0.2836900353942694,7.58209632522274,45.97142857142857,1065.857142857143,0.0,0.14285714285714285,7.210321615557221,1.6743455497382214,2.4169435215946846,0.1461794019933555,0.20598006644518274,0.031852375812810585,-0.028289747153054125,-0.019994906687282158,469.3480682459109,435.56609007832895,457.55281175190424,0.45719402143260013,0.470460182767624,0.5096452665941241,45.8,45.8,45.8,1038.0,1038.0,1038.0,0.0,0.0,0.42857142857142855,0.0,0.14285714285714285,0.0
23,24,1698717.250092627,469.3480682459109,894.7010716300057,0.45719402143260013,5.748730964467005,2.508460236886633,389,575,16.215454032712916,2015-12-13,2015.0,12.0,2.0240633341509318,21.26453200142408,0.4002400747623184,8.438908335377327,45.8,1038.0,0.0,0.0,7.862303664921468,0.8371727748691107,1.1930232558139535,0.08770764119601328,0.12358803986710964,-0.039231288927659626,0.057254284262991076,0.0732574320309714,435.56609007832895,457.55281175190424,457.36851738865164,0.470460182767624,0.5096452665941241,0.4663148261134838,45.8,45.8,46.354156282157284,1038.0,1038.0,1044.0,0.0,0.42857142857142855,1.0,0.14285714285714285,0.0,0.14285714285714285
24,25,1362933.0,435.56609007832895,931.6870104438642,0.470460182767624,6.668407310704961,2.452676240208877,368,450,14.686684073107049,2015-12-20,2015.0,12.0,2.0240633341509318,21.26453200142408,0.4002400747623184,8.438908335377327,45.8,1038.0,0.0,0.14285714285714285,9.251458489154826,1.3952879581151845,2.4764119601328907,0.11694352159468438,0.1647840531561462,-0.03733169368257091,0.014300761291176583,0.06514574368372884,457.55281175190424,457.36851738865164,447.7230727173319,0.5096452665941241,0.4663148261134838,0.4692345544013122,45.8,46.354156282157284,47.09303132503366,1038.0,1044.0,1052.0,0.42857142857142855,1.0,0.0,0.0,0.14285714285714285,0.0
25,26,2147340.0,457.55281175190424,1097.2365614798694,0.5096452665941241,5.911207834602829,2.5018498367791078,412,703,15.305900283039408,2015-12-27,2015.0,12.0,2.0240633341509318,21.26453200142408,0.4002400747623184,8.438908335377327,45.8,1038.0,0.42857142857142855,0.0,6.922887060583398,1.3952879581151845,5.221594684385382,0.08770764119601328,0.12358803986710964,0.024617911040197192,0.03998047745986679,0.10493638988124479,457.36851738865164,447.7230727173319,485.83885542168673,0.4663148261134838,0.4692345544013122,0.4374427710843373,46.354156282157284,47.09303132503366,47.09303132503366,1044.0,1052.0,1052.0,1.0,0.0,0.0,0.14285714285714285,0.0,0.14285714285714285
26,27,1527510.0,457.36851738865164,1036.9539353264186,0.4663148261134838,6.087248322147651,2.3511287370347773,410,470,14.338010982306285,2016-01-03,2016.0,1.0,1.5506877780503103,7.928177333808027,0.3134133582541062,7.392969445125774,46.354156282157284,1044.0,1.0,0.14285714285714285,7.13889304412865,1.6743455497382214,2.2146179401993358,0.17541528239202656,0.2471760797342193,-0.00020143192357933884,-0.04439775847845239,-0.02014851039740542,447.7230727173319,485.83885542168673,535.9823932584269,0.4692345544013122,0.4374427710843373,0.45086292134831457,47.09303132503366,47.09303132503366,47.09303132503366,1052.0,1052.0,1052.0,0.0,0.0,0.42857142857142855,0.0,0.14285714285714285,0.0
27,28,1665891.0,447.7230727173319,1015.4177145981411,0.4692345544013122,6.025150355385456,2.3597594313832695,430,547,14.953526517222526,2016-01-10,2016.0,1.0,1.3139999999999996,1.2600000000000011,0.27000000000000013,6.869999999999997,47.09303132503366,1052.0,0.0,0.0,10.949738219895291,1.1162303664921476,4.847840531561461,1.1169435215946844,0.1647840531561462,-0.010656871389325692,0.0031208703128226753,-0.02021064111731994,485.83885542168673,535.9823932584269,497.6022222222222,0.4374427710843373,0.45086292134831457,0.4342905982905983,47.09303132503366,47.09303132503366,47.09303132503366,1052.0,1052.0,1052.0,0.0,0.42857142857142855,0.0,0.14285714285714285,0.0,0.0
28,29,1640618.0,485.83885542168673,979.8430722891567,0.4374427710843373,5.991566265060241,2.325301204819277,396,511,15.396203675805966,2016-01-17,2016.0,1.0,1.3139999999999996,1.2600000000000011,0.27000000000000013,6.869999999999997,47.09303132503366,1052.0,0.0,0.14285714285714285,12.578309648466718,1.1162303664921476,2.562126245847176,0.11694352159468438,4.593355481727575,0.04082833881233312,-0.035064054678930145,-0.07057457403742579,535.9823932584269,497.6022222222222,478.73672442705424,0.45086292134831457,0.4342905982905983,0.4456959195081051,47.09303132503366,47.09303132503366,50.32740649908032,1052.0,1052.0,1222.0,0.42857142857142855,0.0,0.2857142857142857,0.0,0.0,0.14285714285714285
29,30,2432792.0412541134,535.9823932584269,1017.0815730337079,0.45086292134831457,6.0591011235955055,2.446516853932584,452,789,17.734322319622386,2016-01-24,2016.0,1.0,1.3139999999999996,1.2600000000000011,0.27000000000000013,6.869999999999997,47.09303132503366,1052.0,0.42857142857142855,0.0,5.712041884816758,1.9534031413612583,1.8455149501661132,0.1461794019933555,0.20598006644518274,0.04907271002781609,0.015107581070684856,-0.011186956604625601,497.6022222222222,478.73672442705424,455.9872870840383,0.4342905982905983,0.4456959195081051,0.46901579244218833,47.09303132503366,50.32740649908032,50.32740649908032,1052.0,1222.0,1222.0,0.0,0.2857142857142857,0.14285714285714285,0.0,0.14285714285714285,0.0
30,31,1480041.0,497.6022222222222,918.5658119658119,0.4342905982905983,6.162051282051282,2.542905982905983,450,488,16.683760683760685,2016-01-31,2016.0,1.0,1.3139999999999996,1.2600000000000011,0.27000000000000013,6.869999999999997,47.09303132503366,1052.0,0.0,0.0,7.724607329842935,1.6743455497382214,1.8455149501661132,0.1461794019933555,0.20598006644518274,-0.037133071120990555,-0.01872254099433153,-0.030509828598451662,478.73672442705424,455.9872870840383,427.19708601286175,0.4456959195081051,0.46901579244218833,0.4978275723472669,50.32740649908032,50.32740649908032,50.32740649908032,1222.0,1222.0,1222.0,0.2857142857142857,0.14285714285714285,0.42857142857142855,0.14285714285714285,0.0,0.14285714285714285
31,32,1739754.5002754822,478.73672442705424,903.7322526551146,0.4456959195081051,5.977361654555618,2.4782001117942984,460,589,16.46171045276691,2016-02-07,2016.0,2.0,1.0845019042887896,3.3513888267925167,0.23919274714356686,7.26309157145223,50.32740649908032,1222.0,0.2857142857142857,0.14285714285714285,9.606881077038148,1.1162303664921476,2.621594684385382,0.08770764119601328,0.12358803986710964,-0.019322693066698857,0.012960790860793239,0.008195177085109284,455.9872870840383,427.19708601286175,440.0930724246514,0.46901579244218833,0.4978275723472669,0.4954858299595141,50.32740649908032,50.32740649908032,50.32740649908032,1222.0,1222.0,1222.0,0.14285714285714285,0.42857142857142855,0.0,0.0,0.14285714285714285,0.0
32,33,1644979.250137741,455.9872870840383,900.5924985899605,0.46901579244218833,5.721940214326001,2.4235758601240835,440,597,16.835871404399324,2016-02-14,2016.0,2.0,0.9697528564331845,4.397083240188774,0.22378912071535026,7.459637357178346,50.32740649908032,1222.0,0.14285714285714285,0.0,14.092595362752434,1.1162303664921476,1.4764119601328907,1.2598006644518271,1.0219269102990034,-0.024338133034839674,0.025494232367881103,0.04233535758244932,427.19708601286175,440.0930724246514,449.2240336134454,0.4978275723472669,0.4954858299595141,0.4881058369293664,50.32740649908032,50.32740649908032,49.20724414096601,1222.0,1222.0,1044.5714285714287,0.42857142857142855,0.0,0.0,0.14285714285714285,0.0,0.14285714285714285
33,34,2160427.5758199086,427.19708601286175,879.7041800643087,0.4978275723472669,5.535570739549839,2.5858118971061095,457,835,16.780546623794212,2016-02-21,2016.0,2.0,0.9697528564331845,4.397083240188774,0.22378912071535026,7.459637357178346,50.32740649908032,1222.0,0.42857142857142855,0.14285714285714285,8.764023934181004,1.1162303664921476,1.4764119601328907,0.11694352159468438,0.7362126245847176,-0.03259817762651679,0.02979984240917104,0.07823157301225447,440.0930724246514,449.2240336134454,499.8385410973302,0.4954858299595141,0.4881058369293664,0.4849253731343284,50.32740649908032,49.20724414096601,49.02055041461363,1222.0,1044.5714285714287,1015.0,0.0,0.0,0.42857142857142855,0.0,0.14285714285714285,0.0
34,35,1989635.6,440.0930724246514,910.4631129104813,0.4954858299595141,6.080071974808817,2.445344129554656,493,687,15.45556805399325,2016-02-28,2016.0,2.0,0.9697528564331845,4.397083240188774,0.22378912071535026,7.459637357178346,50.32740649908032,1222.0,0.0,0.0,9.408601346297685,1.3952879581151845,5.474086378737542,1.0033222591362125,1.06312292358804,0.014869287154166147,-0.002357506082485764,0.03874068796508667,449.2240336134454,499.8385410973302,506.39495056497174,0.4881058369293664,0.4849253731343284,0.4092196327683616,49.20724414096601,49.02055041461363,49.02055041461363,1044.5714285714287,1015.0,1015.0,0.0,0.42857142857142855,0.0,0.14285714285714285,0.0,0.14285714285714285
35,36,2013127.7519998255,449.2240336134454,910.2114467408585,0.4881058369293664,5.884624119918238,2.3722461957756074,449,701,15.924579736483416,,,,,,,,49.20724414096601,1044.5714285714287,0.0,0.14285714285714285,10.035452505609575,1.1162303664921476,1.5358803986710965,1.0877076411960134,1.2664451827242524,0.010267385083226825,-0.007503106500984268,0.0010194218247909042,499.8385410973302,506.39495056497174,516.3313755210307,0.4849253731343284,0.4092196327683616,0.4136566881394468,49.02055041461363,49.02055041461363,49.02055041461363,1015.0,1015.0,1015.0,0.42857142857142855,0.0,0.0,0.0,0.14285714285714285,0.0
36,37,2418902.14506138,499.8385410973302,1007.4254782425899,0.4849253731343284,5.435148202648728,2.53752364935884,497,985,20.710681244743483,,,,,,,,49.02055041461363,1015.0,0.42857142857142855,0.0,6.621166791323861,1.1162303664921476,5.333554817275748,0.11694352159468438,0.1647840531561462,0.05333105406596554,-0.0032686143693478435,-0.013549567896465173,506.39495056497174,516.3313755210307,518.132140274765,0.4092196327683616,0.4136566881394468,0.4205422993492408,49.02055041461363,49.02055041461363,50.22357381653395,1015.0,1015.0,1112.2857142857142,0.0,0.0,0.0,0.14285714285714285,0.0,0.14285714285714285
37,38,1458031.5003637134,506.39495056497174,904.742231638418,0.4092196327683616,5.875,2.5233050847457625,501,516,18.220338983050848,,,,,,,,49.02055041461363,1015.0,0.0,0.14285714285714285,7.6480179506357535,0.8371727748691107,0.6548172757475085,0.029235880398671095,0.04119601328903655,0.006515793324281325,-0.084668303089763,-0.12827045730541553,516.3313755210307,518.132140274765,534.628140232471,0.4136566881394468,0.4205422993492408,0.411496062992126,49.02055041461363,50.22357381653395,51.82760501909438,1015.0,1112.2857142857142,1242.0,0.0,0.0,0.0,0.0,0.14285714285714285,0.0
38,39,1379205.0021336668,516.3313755210307,926.6991284577491,0.4136566881394468,6.021220159151194,2.5433876468359227,500,754,28.593098217671596,,,,,,,,49.02055041461363,1015.0,0.0,0.0,10.403440538519074,0.5581151832460738,9.881063122923589,0.05847176079734219,0.0823920265780731,0.009715624505419676,0.005392129118735674,-0.0786681808374007,518.132140274765,534.628140232471,512.6310353535354,0.4205422993492408,0.411496062992126,0.43992424242424244,50.22357381653395,51.82760501909438,51.82760501909438,1112.2857142857142,1242.0,1242.0,0.0,0.0,0.0,0.14285714285714285,0.0,0.14285714285714285
39,40,1455026.5,518.132140274765,942.8365871294287,0.4205422993492408,5.90527838033261,2.460231381055676,518,1531,56.1217008797654,,,,,,,,50.22357381653395,1112.2857142857142,0.0,0.14285714285714285,11.12857142857143,0.0,2.8285714285714287,0.5428571428571428,0.0,0.001740771642728219,0.008254159155146771,-0.0267162070577221,534.628140232471,512.6310353535354,515.4971962616822,0.411496062992126,0.43992424242424244,0.45123987538940813,51.82760501909438,51.82760501909438,51.82760501909438,1242.0,1242.0,1242.0,0.0,0.0,0.0,0.0,0.14285714285714285,0.0
40,41,1450803.2516830054,534.628140232471,950.3565804274466,0.411496062992126,6.1526059242594675,2.4844394450693663,517,2501,96.86289697908597,,,,,,,,51.82760501909438,1242.0,0.0,0.0,12.019446522064325,0.8371727748691107,2.450166112956811,0.4019933554817276,0.12358803986710964,0.015669284131576314,-0.01087237892692683,-0.005396309169931181,512.6310353535354,515.4971962616822,488.7630142327939,0.43992424242424244,0.45123987538940813,0.45294404367323066,51.82760501909438,51.82760501909438,51.181797334417936,1242.0,1242.0,1240.0,0.0,0.0,0.0,0.14285714285714285,0.0,0.14285714285714285
41,42,1237020.0,512.6310353535354,948.6026936026936,0.43992424242424244,5.9587542087542085,2.4882154882154883,423,2280,98.02235597592433,,,,,,,,51.82760501909438,1242.0,0.0,0.14285714285714285,7.403440538519074,0.5581151832460738,0.7382059800664453,0.05847176079734219,0.0823920265780731,-0.021004451803085657,0.03338912550155145,0.04394686101643122,515.4971962616822,488.7630142327939,499.6541592920354,0.45123987538940813,0.45294404367323066,0.432095575221239,51.82760501909438,51.181797334417936,47.306951226359324,1242.0,1240.0,1228.0,0.0,0.0,0.0,0.0,0.14285714285714285,0.0
42,43,845130.0,515.4971962616822,975.170093457944,0.45123987538940813,4.579439252336448,2.230529595015576,328,1509,95.56681443951868,,,,,,,,51.82760501909438,1242.0,0.0,0.0,5.519446522064325,0.8371727748691107,1.1073089700996679,0.08770764119601328,0.12358803986710964,0.0027877465281194056,0.012697585931676577,0.047444814143524396,488.7630142327939,499.6541592920354,459.01150070126226,0.45294404367323066,0.432095575221239,0.47987938288920057,51.181797334417936,47.306951226359324,47.306951226359324,1240.0,1228.0,1228.0,0.0,0.0,0.0,0.14285714285714285,0.0,0.14285714285714285
43,44,2540675.0,488.7630142327939,943.0228114642231,0.45294404367323066,6.4076818093195556,2.341782023786313,739,2931,58.0166270783848,,,,,,,,51.181797334417936,1240.0,0.0,0.14285714285714285,6.506881077038146,1.1162303664921476,3.733554817275748,0.11694352159468438,0.1647840531561462,-0.026620771936911626,0.0018847584522285806,0.03199579348846982,499.6541592920354,459.01150070126226,458.1997587283565,0.432095575221239,0.47987938288920057,0.4850865739426625,47.306951226359324,47.306951226359324,47.306951226359324,1228.0,1228.0,1228.0,0.0,0.0,0.0,0.0,0.14285714285714285,0.0
44,45,1433023.0,499.6541592920354,913.9939823008849,0.432095575221239,5.855221238938053,2.3221238938053097,564,476,16.849557522123895,,,,,,,,47.306951226359324,1228.0,0.0,0.0,5.974869109947646,0.5581151832460738,2.281063122923588,0.05847176079734219,0.0823920265780731,0.01101877360184078,-0.023556536913041593,-0.02692339557386176,459.01150070126226,458.1997587283565,533.6680258093728,0.47987938288920057,0.4850865739426625,0.48156441023318997,47.306951226359324,47.306951226359324,47.306951226359324,1228.0,1228.0,1228.0,0.0,0.0,0.42857142857142855,0.14285714285714285,0.0,0.0
45,46,1659558.0,459.01150070126226,899.3301542776999,0.47987938288920057,5.7192145862552595,2.2339410939691446,590,553,15.511921458625526,,,,,,,,47.306951226359324,1228.0,0.0,0.14285714285714285,5.433732236350039,0.8800299177262535,3.5358803986710967,0.08770764119601328,0.12358803986710964,-0.04239502913983298,0.052395964651229844,0.056910579620988715,458.1997587283565,533.6680258093728,518.1868078086335,0.4850865739426625,0.48156441023318997,0.45954907891119057,47.306951226359324,47.306951226359324,49.599619672086035,1228.0,1228.0,1203.7142857142858,0.0,0.42857142857142855,0.0,0.0,0.0,0.14285714285714285
46,47,1642812.2502639915,458.1997587283565,917.3749645188759,0.4850865739426625,5.736871984104456,2.090831677547545,565,555,15.75809199318569,,,,,,,,47.306951226359324,1228.0,0.0,0.0,5.680029917726256,1.3952879581151845,1.931229235880399,0.1461794019933555,0.20598006644518274,-0.0008850109116743577,0.005396243273242445,0.04883267446848023,533.6680258093728,518.1868078086335,506.6095514845231,0.48156441023318997,0.45954907891119057,0.45836386607706886,47.306951226359324,49.599619672086035,50.516687050376724,1228.0,1203.7142857142858,1194.0,0.42857142857142855,0.0,0.0,0.0,0.14285714285714285,0.0
47,48,2377061.326656575,533.6680258093728,1086.1919855105275,0.48156441023318997,5.3529544940004525,1.8947249264206476,577,850,19.243830654290242,,,,,,,,47.306951226359324,1228.0,0.42857142857142855,0.0,0.8160059835452511,4.69334330590875,0.683388704318937,0.029235880398671095,0.04119601328903655,0.07608702314713166,-0.003643676742827295,0.02535454109001597,518.1868078086335,506.6095514845231,512.7845691382765,0.45954907891119057,0.45836386607706886,0.4467134268537074,49.599619672086035,50.516687050376724,50.516687050376724,1203.7142857142858,1194.0,1194.0,0.0,0.0,0.0,0.14285714285714285,0.0,0.14285714285714285
48,49,1911911.9145685479,518.1868078086335,1029.4404729172395,0.45954907891119057,5.549628814957383,2.0104481715699754,654,644,17.70690129227385,,,,,,,,49.599619672086035,1203.7142857142858,0.0,0.14285714285714285,3.2640239341810044,2.5876589379207187,3.2764119601328905,0.11694352159468438,0.1647840531561462,-0.0147180176445919,-0.023392854927639907,-0.0356140088886554,506.6095514845231,512.7845691382765,524.1842157250098,0.45836386607706886,0.4467134268537074,0.42074278941129994,50.516687050376724,50.516687050376724,50.516687050376724,1194.0,1194.0,1194.0,0.0,0.0,0.0,0.0,0.14285714285714285,0.0
49,50,1632179.0,506.6095514845231,997.5799115603285,0.45836386607706886,5.694251421351863,2.065698041692988,574,524,16.55085281111813,,,,,,,,50.516687050376724,1194.0,0.0,0.0,1.3017202692595369,3.079057591623037,0.36910299003322267,0.029235880398671095,0.04119601328903655,-0.011297128662806332,-0.0012912039650306076,-0.02711951771172088,512.7845691382765,524.1842157250098,525.944708029197,0.4467134268537074,0.42074278941129994,0.40802919708029195,50.516687050376724,50.516687050376724,50.516687050376724,1194.0,1194.0,1194.0,0.0,0.0,0.0,0.14285714285714285,0.0,0.0
50,51,1564994.0,512.7845691382765,980.6743486973947,0.4467134268537074,5.905477621910488,2.092184368737475,583,517,17.273638489809557,,,,,,,,50.516687050376724,1194.0,0.0,0.14285714285714285,2.690875093492896,2.9657442034405395,1.7358803986710964,0.08770764119601328,0.12358803986710964,0.0060575370495377584,-0.012872314126493822,-0.03214027241195036,524.1842157250098,525.944708029197,0.0,0.42074278941129994,0.40802919708029195,0.0,50.516687050376724,50.516687050376724,0.0,1194.0,1194.0,0.0,0.0,0.0,0.0,0.0,0.0,0.0
51,52,1351971.250347705,524.1842157250098,959.3168708020545,0.42074278941129994,5.853417621493481,2.056499407348874,525,427,16.870802054523903,,,,,,,,50.516687050376724,1194.0,0.0,0.0,1.6320119670905022,4.900972326103217,1.1953488372093024,0.05847176079734219,0.0823920265780731,0.010993239867134914,-0.029938845275936734,-0.05735396680437066,525.944708029197,0.0,0.0,0.40802919708029195,0.0,0.0,50.516687050376724,0.0,0.0,1194.0,0.0,0.0,0.0,0.0,0.0,0.0,0.0,0.0
52,53,734419.2502937721,525.944708029197,933.6109489051095,0.40802919708029195,5.08978102189781,2.0737226277372263,412,210,15.328467153284672,,,,,,,,50.516687050376724,1194.0,0.0,0.0,2.856020942408379,4.176701570680629,1.7918604651162793,0.10232558139534884,0.14418604651162792,0.0016764534947703912,-0.015340277589289738,-0.05867435670942084,0.0,0.0,0.0,0.0,0.0,0.0,0.0,0.0,0.0,0.0,0.0,0.0,0.0,0.0,0.0,0.0,0.0,0.0
